-- Dumping data for table `users`
LOCK TABLES `users` WRITE;
/*!40000 ALTER TABLE `users` DISABLE KEYS */;
INSERT INTO `users` (`id`,`email`,`username`,`password`,`logins`,`last_login`,`sum_likes`,`phone`,`town`,`date`,`user_code_id`,`slogan`,`status`) VALUES (196,'anya@test.mail','Каптинская Анна','1111',0,0,26,'+30981112233','Киев','2013-10-25 11:45:00',1,'Когда я знаю что завтра все будет хорошо!',1);
INSERT INTO `users` (`id`,`email`,`username`,`password`,`logins`,`last_login`,`sum_likes`,`phone`,`town`,`date`,`user_code_id`,`slogan`,`status`) VALUES (2,'tanya@test.mail','Таня Бурячок','1111',0,0,75,'+30967772514','Харьков','2013-10-25 11:45:00',5,'Когда тучки пушистые и вокруг все белое и позитивное!',1);
INSERT INTO `users` (`id`,`email`,`username`,`password`,`logins`,`last_login`,`sum_likes`,`phone`,`town`,`date`,`user_code_id`,`slogan`,`status`) VALUES (3,'vika@test.mail','Виктория Мрамор','1111',0,0,53,'+30935004030','Хмельницкий','2013-10-25 11:45:00',3,'Много денег!',1);
INSERT INTO `users` (`id`,`email`,`username`,`password`,`logins`,`last_login`,`sum_likes`,`phone`,`town`,`date`,`user_code_id`,`slogan`,`status`) VALUES (4,'katya@test.mail','Катюшка Муляр','1111',0,0,102,'+30630000911','Винница','2013-10-25 11:45:00',2,'Семья и близкие.',1);
INSERT INTO `users` (`id`,`email`,`username`,`password`,`logins`,`last_login`,`sum_likes`,`phone`,`town`,`date`,`user_code_id`,`slogan`,`status`) VALUES (5,'tanya_s@test.mail','Танюшка Волга','1111',0,0,18,'+30440551939','Киев','2013-10-25 11:45:00',4,'Прыгать выше всех, бегать быстрее и кушать борщ с салом.',1);
INSERT INTO `users` (`id`,`email`,`username`,`password`,`logins`,`last_login`,`sum_likes`,`phone`,`town`,`date`,`user_code_id`,`slogan`,`status`) VALUES (158,'tanya_s1@test.mail','Милочка Валерьева','1111',0,0,2,'+30440551939','Киев','2013-10-25 11:45:00',7,NULL,1);
INSERT INTO `users` (`id`,`email`,`username`,`password`,`logins`,`last_login`,`sum_likes`,`phone`,`town`,`date`,`user_code_id`,`slogan`,`status`) VALUES (159,'tanya_s2@test.mail','Катя Михайлова','1111',0,0,0,'+30440551939','Киев','2013-10-25 11:45:00',6,'Стать на свете всех мудрее, красивее и добрее!',1);
INSERT INTO `users` (`id`,`email`,`username`,`password`,`logins`,`last_login`,`sum_likes`,`phone`,`town`,`date`,`user_code_id`,`slogan`,`status`) VALUES (160,'tanya_s3@test.mail','Виктория Китель','1111',0,0,0,'+30440551939','Киев','2013-10-25 11:45:00',8,NULL,1);
INSERT INTO `users` (`id`,`email`,`username`,`password`,`logins`,`last_login`,`sum_likes`,`phone`,`town`,`date`,`user_code_id`,`slogan`,`status`) VALUES (161,'tanya_s4@test.mail','Маша Кудряша','1111',0,0,0,'+30440551939','Киев','2013-10-25 11:45:00',9,NULL,1);
INSERT INTO `users` (`id`,`email`,`username`,`password`,`logins`,`last_login`,`sum_likes`,`phone`,`town`,`date`,`user_code_id`,`slogan`,`status`) VALUES (162,'tanya_s5@test.mail','Зюзя Мартинова','1111',0,0,0,'+30440551939','Киев','2013-10-25 11:45:00',10,NULL,1);
INSERT INTO `users` (`id`,`email`,`username`,`password`,`logins`,`last_login`,`sum_likes`,`phone`,`town`,`date`,`user_code_id`,`slogan`,`status`) VALUES (163,'tanya_s6@test.mail','Алла Кирова','1111',0,0,2,'+30440551939','Киев','2013-10-25 11:45:00',11,NULL,1);
INSERT INTO `users` (`id`,`email`,`username`,`password`,`logins`,`last_login`,`sum_likes`,`phone`,`town`,`date`,`user_code_id`,`slogan`,`status`) VALUES (164,'tanya_s7@test.mail','Лиза Загребельная','1111',0,0,0,'+30440551939','Киев','2013-10-25 11:45:00',12,NULL,1);
INSERT INTO `users` (`id`,`email`,`username`,`password`,`logins`,`last_login`,`sum_likes`,`phone`,`town`,`date`,`user_code_id`,`slogan`,`status`) VALUES (165,'tanya_s8@test.mail','Василиса Прекрасная','1111',0,0,0,'+30440551939','Киев','2013-10-25 11:45:00',13,NULL,1);
INSERT INTO `users` (`id`,`email`,`username`,`password`,`logins`,`last_login`,`sum_likes`,`phone`,`town`,`date`,`user_code_id`,`slogan`,`status`) VALUES (166,'tanya_s9@test.mail','Аленушка Гусьева','1111',0,0,12,'+30440551939','Киев','2013-10-25 11:45:00',14,NULL,1);
INSERT INTO `users` (`id`,`email`,`username`,`password`,`logins`,`last_login`,`sum_likes`,`phone`,`town`,`date`,`user_code_id`,`slogan`,`status`) VALUES (167,'tanya_s11@test.mail','Ольга Никифорова','1111',0,0,5,'+30440551939','Киев','2013-10-25 11:45:00',15,NULL,1);
INSERT INTO `users` (`id`,`email`,`username`,`password`,`logins`,`last_login`,`sum_likes`,`phone`,`town`,`date`,`user_code_id`,`slogan`,`status`) VALUES (168,'tanya_s12@test.mail','Занаида Сошенко','1111',0,0,0,'+30440551939','Киев','2013-10-25 11:45:00',16,NULL,1);
INSERT INTO `users` (`id`,`email`,`username`,`password`,`logins`,`last_login`,`sum_likes`,`phone`,`town`,`date`,`user_code_id`,`slogan`,`status`) VALUES (169,'tanya_s13@test.mail','Марфа Михайлевская','1111',0,0,0,'+30440551939','Киев','2013-10-25 11:45:00',17,NULL,1);
INSERT INTO `users` (`id`,`email`,`username`,`password`,`logins`,`last_login`,`sum_likes`,`phone`,`town`,`date`,`user_code_id`,`slogan`,`status`) VALUES (170,'tanya_s14@test.mail','Катя Макарович','1111',0,0,0,'+30440551939','Киев','2013-10-25 11:45:00',18,NULL,1);
INSERT INTO `users` (`id`,`email`,`username`,`password`,`logins`,`last_login`,`sum_likes`,`phone`,`town`,`date`,`user_code_id`,`slogan`,`status`) VALUES (171,'tanya_s22@test.mail','Алена Ященко','1111',0,0,0,'+30440551939','Киев','2013-10-25 11:45:00',19,NULL,1);
INSERT INTO `users` (`id`,`email`,`username`,`password`,`logins`,`last_login`,`sum_likes`,`phone`,`town`,`date`,`user_code_id`,`slogan`,`status`) VALUES (172,'tanya_s23@test.mail','Катя Крутилко','1111',0,0,0,'+30440551939','Киев','2013-10-25 11:45:00',20,NULL,1);
INSERT INTO `users` (`id`,`email`,`username`,`password`,`logins`,`last_login`,`sum_likes`,`phone`,`town`,`date`,`user_code_id`,`slogan`,`status`) VALUES (173,'tanya_s24@test.mail','Анастасия Худицкая','1111',0,0,0,'+30440551939','Киев','2013-10-25 11:45:00',21,NULL,1);
INSERT INTO `users` (`id`,`email`,`username`,`password`,`logins`,`last_login`,`sum_likes`,`phone`,`town`,`date`,`user_code_id`,`slogan`,`status`) VALUES (174,'tanya_s25@test.mail','Гульназ Макаревич','1111',0,0,0,'+30440551939','Киев','2013-10-25 11:45:00',22,NULL,1);
INSERT INTO `users` (`id`,`email`,`username`,`password`,`logins`,`last_login`,`sum_likes`,`phone`,`town`,`date`,`user_code_id`,`slogan`,`status`) VALUES (175,'tanya_s33@test.mail','Алина Кравчук','1111',0,0,0,'+30440551939','Киев','2013-10-25 11:45:00',23,NULL,1);
INSERT INTO `users` (`id`,`email`,`username`,`password`,`logins`,`last_login`,`sum_likes`,`phone`,`town`,`date`,`user_code_id`,`slogan`,`status`) VALUES (176,'tanya_s32@test.mail','Алина Гульева','1111',0,0,0,'+30440551939','Киев','2013-10-25 11:45:00',24,NULL,1);
INSERT INTO `users` (`id`,`email`,`username`,`password`,`logins`,`last_login`,`sum_likes`,`phone`,`town`,`date`,`user_code_id`,`slogan`,`status`) VALUES (177,'tanya_s31@test.mail','Настя Киба','1111',0,0,0,'+30440551939','Киев','2013-10-25 11:45:00',25,NULL,1);
INSERT INTO `users` (`id`,`email`,`username`,`password`,`logins`,`last_login`,`sum_likes`,`phone`,`town`,`date`,`user_code_id`,`slogan`,`status`) VALUES (178,'tanya_s34@test.mail','Катя Яремюк','1111',0,0,0,'+30440551939','Киев','2013-10-25 11:45:00',26,NULL,1);
INSERT INTO `users` (`id`,`email`,`username`,`password`,`logins`,`last_login`,`sum_likes`,`phone`,`town`,`date`,`user_code_id`,`slogan`,`status`) VALUES (179,'tanya_s35@test.mail','Полина Малищенко','1111',0,0,0,'+30440551939','Киев','2013-10-25 11:45:00',27,NULL,1);
INSERT INTO `users` (`id`,`email`,`username`,`password`,`logins`,`last_login`,`sum_likes`,`phone`,`town`,`date`,`user_code_id`,`slogan`,`status`) VALUES (180,'tanya_s36@test.mail','Ольга Синица','1111',0,0,0,'+30440551939','Киев','2013-10-25 11:45:00',28,NULL,1);
INSERT INTO `users` (`id`,`email`,`username`,`password`,`logins`,`last_login`,`sum_likes`,`phone`,`town`,`date`,`user_code_id`,`slogan`,`status`) VALUES (181,'tanya_s37@test.mail','Лиза Горобец','1111',0,0,0,'+30440551939','Киев','2013-10-25 11:45:00',29,NULL,1);
INSERT INTO `users` (`id`,`email`,`username`,`password`,`logins`,`last_login`,`sum_likes`,`phone`,`town`,`date`,`user_code_id`,`slogan`,`status`) VALUES (182,'tanya_s44@test.mail','Маша Крупова','1111',0,0,0,'+30440551939','Киев','2013-10-25 11:45:00',30,NULL,1);
INSERT INTO `users` (`id`,`email`,`username`,`password`,`logins`,`last_login`,`sum_likes`,`phone`,`town`,`date`,`user_code_id`,`slogan`,`status`) VALUES (183,'tanya_s43@test.mail','Иванна Иванова','1111',0,0,0,'+30440551939','Киев','2013-10-25 11:45:00',31,NULL,1);
INSERT INTO `users` (`id`,`email`,`username`,`password`,`logins`,`last_login`,`sum_likes`,`phone`,`town`,`date`,`user_code_id`,`slogan`,`status`) VALUES (184,'tanya_s42@test.mail','Ангелина Колпакова','1111',0,0,0,'+30440551939','Киев','2013-10-25 11:45:00',32,NULL,1);
INSERT INTO `users` (`id`,`email`,`username`,`password`,`logins`,`last_login`,`sum_likes`,`phone`,`town`,`date`,`user_code_id`,`slogan`,`status`) VALUES (185,'tanya_s45@test.mail','Евелина Мирошко','1111',0,0,0,'+30440551939','Киев','2013-10-25 11:45:00',33,NULL,1);
INSERT INTO `users` (`id`,`email`,`username`,`password`,`logins`,`last_login`,`sum_likes`,`phone`,`town`,`date`,`user_code_id`,`slogan`,`status`) VALUES (186,'tanya_s46@test.mail','Анастасия Волошина','1111',0,0,0,'+30440551939','Киев','2013-10-25 11:45:00',34,NULL,1);
INSERT INTO `users` (`id`,`email`,`username`,`password`,`logins`,`last_login`,`sum_likes`,`phone`,`town`,`date`,`user_code_id`,`slogan`,`status`) VALUES (187,'tanya_s47@test.mail','Юля Волошина','1111',0,0,0,'+30440551939','Киев','2013-10-25 11:45:00',35,NULL,1);
INSERT INTO `users` (`id`,`email`,`username`,`password`,`logins`,`last_login`,`sum_likes`,`phone`,`town`,`date`,`user_code_id`,`slogan`,`status`) VALUES (188,'tanya_s55@test.mail','Мила Волошина','1111',0,0,0,'+30440551939','Киев','2013-10-25 11:45:00',36,NULL,1);
INSERT INTO `users` (`id`,`email`,`username`,`password`,`logins`,`last_login`,`sum_likes`,`phone`,`town`,`date`,`user_code_id`,`slogan`,`status`) VALUES (189,'tanya_s51@test.mail','Галина Крупова','1111',0,0,0,'+30440551939','Киев','2013-10-25 11:45:00',37,NULL,1);
INSERT INTO `users` (`id`,`email`,`username`,`password`,`logins`,`last_login`,`sum_likes`,`phone`,`town`,`date`,`user_code_id`,`slogan`,`status`) VALUES (190,'tanya_s52@test.mail','Кристина Крупова','1111',0,0,0,'+30440551939','Киев','2013-10-25 11:45:00',38,NULL,1);
INSERT INTO `users` (`id`,`email`,`username`,`password`,`logins`,`last_login`,`sum_likes`,`phone`,`town`,`date`,`user_code_id`,`slogan`,`status`) VALUES (191,'tanya_s53@test.mail','Алина Круг','1111',0,0,0,'+30440551939','Киев','2013-10-25 11:45:00',39,NULL,1);
INSERT INTO `users` (`id`,`email`,`username`,`password`,`logins`,`last_login`,`sum_likes`,`phone`,`town`,`date`,`user_code_id`,`slogan`,`status`) VALUES (192,'tanya_s54@test.mail','Маша Круг','1111',0,0,0,'+30440551939','Киев','2013-10-25 11:45:00',40,NULL,1);
INSERT INTO `users` (`id`,`email`,`username`,`password`,`logins`,`last_login`,`sum_likes`,`phone`,`town`,`date`,`user_code_id`,`slogan`,`status`) VALUES (193,'tanya_s59@test.mail','Катя Круг','1111',0,0,0,'+30440551939','Киев','2013-10-25 11:45:00',41,NULL,1);
INSERT INTO `users` (`id`,`email`,`username`,`password`,`logins`,`last_login`,`sum_likes`,`phone`,`town`,`date`,`user_code_id`,`slogan`,`status`) VALUES (194,'tanya_s56@test.mail','Валерия Михайличенко','1111',0,0,0,'+30440551939','Киев','2013-10-25 11:45:00',42,NULL,1);
INSERT INTO `users` (`id`,`email`,`username`,`password`,`logins`,`last_login`,`sum_likes`,`phone`,`town`,`date`,`user_code_id`,`slogan`,`status`) VALUES (195,'tanya_s67@test.mail','Алина Кучма','1111',0,0,0,'+30440551939','Киев','2013-10-25 11:45:00',43,NULL,1);
/*!40000 ALTER TABLE `users` ENABLE KEYS */;
UNLOCK TABLES;

LOCK TABLES `codes` WRITE;
INSERT INTO `codes` (`id`, `code`, `date_used`) VALUES ('1', 'dlyanee2014_1', '2013-10-25 11:45:00');
INSERT INTO `codes` (`id`, `code`, `date_used`) VALUES ('2', 'dlyanee2014_2', '2013-10-25 11:45:00');
INSERT INTO `codes` (`id`, `code`, `date_used`) VALUES ('3', 'dlyanee2014_3', '2013-10-25 11:45:00');
INSERT INTO `codes` (`id`, `code`, `date_used`) VALUES ('4', 'dlyanee2014_4', '2013-10-25 11:45:00');
INSERT INTO `codes` (`id`, `code`, `date_used`) VALUES ('5', 'dlyanee2014_5', '2013-10-25 11:45:00');
INSERT INTO `codes` (`id`, `code`, `date_used`) VALUES ('6', 'dlyanee2014_6', '2013-10-25 11:45:00');
INSERT INTO `codes` (`id`, `code`, `date_used`) VALUES ('7', 'dlyanee2014_7', '2013-10-25 11:45:00');
INSERT INTO `codes` (`id`, `code`, `date_used`) VALUES ('8', 'dlyanee2014_8', '2013-10-25 11:45:00');
INSERT INTO `codes` (`id`, `code`, `date_used`) VALUES ('9', 'dlyanee2014_9', '2013-10-25 11:45:00');
INSERT INTO `codes` (`id`, `code`, `date_used`) VALUES ('10', 'dlyanee2014_10', '2013-10-25 11:45:00');
INSERT INTO `codes` (`id`, `code`, `date_used`) VALUES ('11', 'dlyanee2014_11', '2013-10-25 11:45:00');
INSERT INTO `codes` (`id`, `code`, `date_used`) VALUES ('12', 'dlyanee2014_12', '2013-10-25 11:45:00');
INSERT INTO `codes` (`id`, `code`, `date_used`) VALUES ('13', 'dlyanee2014_13', '2013-10-25 11:45:00');
INSERT INTO `codes` (`id`, `code`, `date_used`) VALUES ('14', 'dlyanee2014_14', '2013-10-25 11:45:00');
INSERT INTO `codes` (`id`, `code`, `date_used`) VALUES ('15', 'dlyanee2014_15', '2013-10-25 11:45:00');
INSERT INTO `codes` (`id`, `code`, `date_used`) VALUES ('16', 'dlyanee2014_16', '2013-10-25 11:45:00');
INSERT INTO `codes` (`id`, `code`, `date_used`) VALUES ('17', 'dlyanee2014_17', '2013-10-25 11:45:00');
INSERT INTO `codes` (`id`, `code`, `date_used`) VALUES ('18', 'dlyanee2014_18', '2013-10-25 11:45:00');
INSERT INTO `codes` (`id`, `code`, `date_used`) VALUES ('19', 'dlyanee2014_19', '2013-10-25 11:45:00');
INSERT INTO `codes` (`id`, `code`, `date_used`) VALUES ('20', 'dlyanee2014_20', '2013-10-25 11:45:00');
INSERT INTO `codes` (`id`, `code`, `date_used`) VALUES ('21', 'dlyanee2014_21', '2013-10-25 11:45:00');
INSERT INTO `codes` (`id`, `code`, `date_used`) VALUES ('22', 'dlyanee2014_22', '2013-10-25 11:45:00');
INSERT INTO `codes` (`id`, `code`, `date_used`) VALUES ('23', 'dlyanee2014_23', '2013-10-25 11:45:00');
INSERT INTO `codes` (`id`, `code`, `date_used`) VALUES ('24', 'dlyanee2014_24', '2013-10-25 11:45:00');
INSERT INTO `codes` (`id`, `code`, `date_used`) VALUES ('25', 'dlyanee2014_25', '2013-10-25 11:45:00');
INSERT INTO `codes` (`id`, `code`, `date_used`) VALUES ('26', 'dlyanee2014_26', '2013-10-25 11:45:00');
INSERT INTO `codes` (`id`, `code`, `date_used`) VALUES ('27', 'dlyanee2014_27', '2013-10-25 11:45:00');
INSERT INTO `codes` (`id`, `code`, `date_used`) VALUES ('28', 'dlyanee2014_28', '2013-10-25 11:45:00');
INSERT INTO `codes` (`id`, `code`, `date_used`) VALUES ('29', 'dlyanee2014_29', '2013-10-25 11:45:00');
INSERT INTO `codes` (`id`, `code`, `date_used`) VALUES ('30', 'dlyanee2014_30', '2013-10-25 11:45:00');
INSERT INTO `codes` (`id`, `code`, `date_used`) VALUES ('31', 'dlyanee2014_31', '2013-10-25 11:45:00');
INSERT INTO `codes` (`id`, `code`, `date_used`) VALUES ('32', 'dlyanee2014_32', '2013-10-25 11:45:00');
INSERT INTO `codes` (`id`, `code`, `date_used`) VALUES ('33', 'dlyanee2014_33', '2013-10-25 11:45:00');
INSERT INTO `codes` (`id`, `code`, `date_used`) VALUES ('34', 'dlyanee2014_34', '2013-10-25 11:45:00');
INSERT INTO `codes` (`id`, `code`, `date_used`) VALUES ('35', 'dlyanee2014_35', '2013-10-25 11:45:00');
INSERT INTO `codes` (`id`, `code`, `date_used`) VALUES ('36', 'dlyanee2014_36', '2013-10-25 11:45:00');
INSERT INTO `codes` (`id`, `code`, `date_used`) VALUES ('37', 'dlyanee2014_37', '2013-10-25 11:45:00');
INSERT INTO `codes` (`id`, `code`, `date_used`) VALUES ('38', 'dlyanee2014_38', '2013-10-25 11:45:00');
INSERT INTO `codes` (`id`, `code`, `date_used`) VALUES ('39', 'dlyanee2014_39', '2013-10-25 11:45:00');
INSERT INTO `codes` (`id`, `code`, `date_used`) VALUES ('40', 'dlyanee2014_40', '2013-10-25 11:45:00');
INSERT INTO `codes` (`id`, `code`, `date_used`) VALUES ('41', 'dlyanee2014_41', '2013-10-25 11:45:00');
INSERT INTO `codes` (`id`, `code`, `date_used`) VALUES ('42', 'dlyanee2014_42', '2013-10-25 11:45:00');
INSERT INTO `codes` (`id`, `code`, `date_used`) VALUES ('43', 'dlyanee2014_43', '2013-10-25 11:45:00');
INSERT INTO `codes` (`id`, `code`) VALUES ('44', 'dlyanee2014_44');
INSERT INTO `codes` (`id`, `code`) VALUES ('45', 'dlyanee2014_45');
INSERT INTO `codes` (`id`, `code`) VALUES ('46', 'dlyanee2014_46');
INSERT INTO `codes` (`id`, `code`) VALUES ('47', 'dlyanee2014_47');
INSERT INTO `codes` (`id`, `code`) VALUES ('48', 'dlyanee2014_48');
INSERT INTO `codes` (`id`, `code`) VALUES ('49', 'dlyanee2014_49');
INSERT INTO `codes` (`id`, `code`) VALUES ('50', 'dlyanee2014_50');
INSERT INTO `codes` (`id`, `code`) VALUES ('51', 'dlyanee2014_51');
INSERT INTO `codes` (`id`, `code`) VALUES ('52', 'dlyanee2014_52');
INSERT INTO `codes` (`id`, `code`) VALUES ('53', 'dlyanee2014_53');
INSERT INTO `codes` (`id`, `code`) VALUES ('54', 'dlyanee2014_54');
INSERT INTO `codes` (`id`, `code`) VALUES ('55', 'dlyanee2014_55');
INSERT INTO `codes` (`id`, `code`) VALUES ('56', 'dlyanee2014_56');
INSERT INTO `codes` (`id`, `code`) VALUES ('57', 'dlyanee2014_57');
INSERT INTO `codes` (`id`, `code`) VALUES ('58', 'dlyanee2014_58');
INSERT INTO `codes` (`id`, `code`) VALUES ('59', 'dlyanee2014_59');
INSERT INTO `codes` (`id`, `code`) VALUES ('60', 'dlyanee2014_60');
UNLOCK TABLES;





-- Dumping data for table `likes`
LOCK TABLES `likes` WRITE;
/*!40000 ALTER TABLE `likes` DISABLE KEYS */;

/*
-- Query: SELECT * FROM konkurs_dlyanee.likes
-- Date: 2013-11-19 14:14
*/
INSERT INTO `likes` (`id`,`user_id`,`cookie`,`date`) VALUES (1,196,'random_user','2013-10-25 11:45:00');
INSERT INTO `likes` (`id`,`user_id`,`cookie`,`date`) VALUES (2,196,'random_user','2013-10-25 11:45:00');
INSERT INTO `likes` (`id`,`user_id`,`cookie`,`date`) VALUES (3,196,'random_user','2013-10-25 11:45:00');
INSERT INTO `likes` (`id`,`user_id`,`cookie`,`date`) VALUES (4,196,'random_user','2013-10-25 11:45:00');
INSERT INTO `likes` (`id`,`user_id`,`cookie`,`date`) VALUES (5,196,'random_user','2013-10-25 11:45:00');
INSERT INTO `likes` (`id`,`user_id`,`cookie`,`date`) VALUES (6,196,'random_user','2013-10-25 11:45:00');
INSERT INTO `likes` (`id`,`user_id`,`cookie`,`date`) VALUES (7,196,'random_user','2013-10-25 11:45:00');
INSERT INTO `likes` (`id`,`user_id`,`cookie`,`date`) VALUES (8,196,'random_user','2013-10-25 11:45:00');
INSERT INTO `likes` (`id`,`user_id`,`cookie`,`date`) VALUES (9,196,'random_user','2013-10-25 11:45:00');
INSERT INTO `likes` (`id`,`user_id`,`cookie`,`date`) VALUES (10,196,'random_user','2013-10-25 11:45:00');
INSERT INTO `likes` (`id`,`user_id`,`cookie`,`date`) VALUES (11,196,'random_user','2013-10-25 11:45:00');
INSERT INTO `likes` (`id`,`user_id`,`cookie`,`date`) VALUES (12,196,'random_user','2013-10-25 11:45:00');
INSERT INTO `likes` (`id`,`user_id`,`cookie`,`date`) VALUES (13,196,'random_user','2013-10-25 11:45:00');
INSERT INTO `likes` (`id`,`user_id`,`cookie`,`date`) VALUES (14,196,'random_user','2013-10-25 11:45:00');
INSERT INTO `likes` (`id`,`user_id`,`cookie`,`date`) VALUES (15,196,'random_user','2013-10-25 11:45:00');
INSERT INTO `likes` (`id`,`user_id`,`cookie`,`date`) VALUES (16,196,'random_user','2013-10-25 11:45:00');
INSERT INTO `likes` (`id`,`user_id`,`cookie`,`date`) VALUES (17,196,'random_user','2013-10-25 11:45:00');
INSERT INTO `likes` (`id`,`user_id`,`cookie`,`date`) VALUES (18,196,'random_user','2013-10-25 11:45:00');
INSERT INTO `likes` (`id`,`user_id`,`cookie`,`date`) VALUES (19,196,'random_user','2013-10-25 11:45:00');
INSERT INTO `likes` (`id`,`user_id`,`cookie`,`date`) VALUES (20,196,'random_user','2013-10-25 11:45:00');
INSERT INTO `likes` (`id`,`user_id`,`cookie`,`date`) VALUES (21,196,'random_user','2013-10-25 11:45:00');
INSERT INTO `likes` (`id`,`user_id`,`cookie`,`date`) VALUES (22,196,'random_user','2013-10-25 11:45:00');
INSERT INTO `likes` (`id`,`user_id`,`cookie`,`date`) VALUES (23,196,'random_user','2013-10-25 11:45:00');
INSERT INTO `likes` (`id`,`user_id`,`cookie`,`date`) VALUES (24,196,'random_user','2013-10-25 11:45:00');
INSERT INTO `likes` (`id`,`user_id`,`cookie`,`date`) VALUES (25,196,'random_user','2013-10-25 11:45:00');
INSERT INTO `likes` (`id`,`user_id`,`cookie`,`date`) VALUES (26,196,'random_user','2013-10-25 11:45:00');
INSERT INTO `likes` (`id`,`user_id`,`cookie`,`date`) VALUES (27,196,'random_user','2013-10-25 11:45:00');
INSERT INTO `likes` (`id`,`user_id`,`cookie`,`date`) VALUES (28,196,'random_user','2013-10-25 11:45:00');
INSERT INTO `likes` (`id`,`user_id`,`cookie`,`date`) VALUES (29,196,'random_user','2013-10-25 11:45:00');
INSERT INTO `likes` (`id`,`user_id`,`cookie`,`date`) VALUES (30,196,'random_user','2013-10-25 11:45:00');
INSERT INTO `likes` (`id`,`user_id`,`cookie`,`date`) VALUES (31,196,'random_user','2013-10-25 11:45:00');
INSERT INTO `likes` (`id`,`user_id`,`cookie`,`date`) VALUES (32,163,'random_user','2013-10-25 11:45:00');
INSERT INTO `likes` (`id`,`user_id`,`cookie`,`date`) VALUES (33,166,'random_user','2013-10-25 11:45:00');
INSERT INTO `likes` (`id`,`user_id`,`cookie`,`date`) VALUES (34,166,'random_user','2013-10-25 11:45:00');
INSERT INTO `likes` (`id`,`user_id`,`cookie`,`date`) VALUES (35,166,'random_user','2013-10-25 11:45:00');
INSERT INTO `likes` (`id`,`user_id`,`cookie`,`date`) VALUES (36,166,'random_user','2013-10-25 11:45:00');
INSERT INTO `likes` (`id`,`user_id`,`cookie`,`date`) VALUES (37,166,'random_user','2013-10-25 11:45:00');
INSERT INTO `likes` (`id`,`user_id`,`cookie`,`date`) VALUES (38,166,'random_user','2013-10-25 11:45:00');
INSERT INTO `likes` (`id`,`user_id`,`cookie`,`date`) VALUES (39,166,'random_user','2013-10-25 11:45:00');
INSERT INTO `likes` (`id`,`user_id`,`cookie`,`date`) VALUES (40,166,'random_user','2013-10-25 11:45:00');
INSERT INTO `likes` (`id`,`user_id`,`cookie`,`date`) VALUES (41,166,'random_user','2013-10-25 11:45:00');
INSERT INTO `likes` (`id`,`user_id`,`cookie`,`date`) VALUES (42,166,'random_user','2013-10-25 11:45:00');
INSERT INTO `likes` (`id`,`user_id`,`cookie`,`date`) VALUES (43,166,'random_user','2013-10-25 11:45:00');
INSERT INTO `likes` (`id`,`user_id`,`cookie`,`date`) VALUES (44,167,'random_user','2013-10-25 11:45:00');
INSERT INTO `likes` (`id`,`user_id`,`cookie`,`date`) VALUES (45,167,'random_user','2013-10-25 11:45:00');
INSERT INTO `likes` (`id`,`user_id`,`cookie`,`date`) VALUES (46,167,'random_user','2013-10-25 11:45:00');
INSERT INTO `likes` (`id`,`user_id`,`cookie`,`date`) VALUES (47,167,'random_user','2013-10-25 11:45:00');
INSERT INTO `likes` (`id`,`user_id`,`cookie`,`date`) VALUES (48,2,'random_user','2013-10-25 11:45:00');
INSERT INTO `likes` (`id`,`user_id`,`cookie`,`date`) VALUES (49,2,'random_user','2013-10-25 11:45:00');
INSERT INTO `likes` (`id`,`user_id`,`cookie`,`date`) VALUES (50,2,'random_user','2013-10-25 11:45:00');
INSERT INTO `likes` (`id`,`user_id`,`cookie`,`date`) VALUES (51,2,'random_user','2013-10-25 11:45:00');
INSERT INTO `likes` (`id`,`user_id`,`cookie`,`date`) VALUES (52,2,'random_user','2013-10-25 11:45:00');
INSERT INTO `likes` (`id`,`user_id`,`cookie`,`date`) VALUES (53,2,'random_user','2013-10-25 11:45:00');
INSERT INTO `likes` (`id`,`user_id`,`cookie`,`date`) VALUES (54,2,'random_user','2013-10-25 11:45:00');
INSERT INTO `likes` (`id`,`user_id`,`cookie`,`date`) VALUES (55,2,'random_user','2013-10-25 11:45:00');
INSERT INTO `likes` (`id`,`user_id`,`cookie`,`date`) VALUES (56,2,'random_user','2013-10-25 11:45:00');
INSERT INTO `likes` (`id`,`user_id`,`cookie`,`date`) VALUES (57,2,'random_user','2013-10-25 11:45:00');
INSERT INTO `likes` (`id`,`user_id`,`cookie`,`date`) VALUES (58,2,'random_user','2013-10-25 11:45:00');
INSERT INTO `likes` (`id`,`user_id`,`cookie`,`date`) VALUES (59,2,'random_user','2013-10-25 11:45:00');
INSERT INTO `likes` (`id`,`user_id`,`cookie`,`date`) VALUES (60,2,'random_user','2013-10-25 11:45:00');
INSERT INTO `likes` (`id`,`user_id`,`cookie`,`date`) VALUES (61,2,'random_user','2013-10-25 11:45:00');
INSERT INTO `likes` (`id`,`user_id`,`cookie`,`date`) VALUES (62,2,'random_user','2013-10-25 11:45:00');
INSERT INTO `likes` (`id`,`user_id`,`cookie`,`date`) VALUES (63,2,'random_user','2013-10-25 11:45:00');
INSERT INTO `likes` (`id`,`user_id`,`cookie`,`date`) VALUES (64,2,'random_user','2013-10-25 11:45:00');
INSERT INTO `likes` (`id`,`user_id`,`cookie`,`date`) VALUES (65,2,'random_user','2013-10-25 11:45:00');
INSERT INTO `likes` (`id`,`user_id`,`cookie`,`date`) VALUES (66,2,'random_user','2013-10-25 11:45:00');
INSERT INTO `likes` (`id`,`user_id`,`cookie`,`date`) VALUES (67,2,'random_user','2013-10-25 11:45:00');
INSERT INTO `likes` (`id`,`user_id`,`cookie`,`date`) VALUES (68,2,'random_user','2013-10-25 11:45:00');
INSERT INTO `likes` (`id`,`user_id`,`cookie`,`date`) VALUES (69,2,'random_user','2013-10-25 11:45:00');
INSERT INTO `likes` (`id`,`user_id`,`cookie`,`date`) VALUES (70,2,'random_user','2013-10-25 11:45:00');
INSERT INTO `likes` (`id`,`user_id`,`cookie`,`date`) VALUES (71,2,'random_user','2013-10-25 11:45:00');
INSERT INTO `likes` (`id`,`user_id`,`cookie`,`date`) VALUES (72,2,'random_user','2013-10-25 11:45:00');
INSERT INTO `likes` (`id`,`user_id`,`cookie`,`date`) VALUES (73,2,'random_user','2013-10-25 11:45:00');
INSERT INTO `likes` (`id`,`user_id`,`cookie`,`date`) VALUES (74,2,'random_user','2013-10-25 11:45:00');
INSERT INTO `likes` (`id`,`user_id`,`cookie`,`date`) VALUES (75,2,'random_user','2013-10-25 11:45:00');
INSERT INTO `likes` (`id`,`user_id`,`cookie`,`date`) VALUES (76,2,'random_user','2013-10-25 11:45:00');
INSERT INTO `likes` (`id`,`user_id`,`cookie`,`date`) VALUES (77,2,'random_user','2013-10-25 11:45:00');
INSERT INTO `likes` (`id`,`user_id`,`cookie`,`date`) VALUES (78,2,'random_user','2013-10-25 11:45:00');
INSERT INTO `likes` (`id`,`user_id`,`cookie`,`date`) VALUES (79,2,'random_user','2013-10-25 11:45:00');
INSERT INTO `likes` (`id`,`user_id`,`cookie`,`date`) VALUES (80,2,'random_user','2013-10-25 11:45:00');
INSERT INTO `likes` (`id`,`user_id`,`cookie`,`date`) VALUES (81,2,'random_user','2013-10-25 11:45:00');
INSERT INTO `likes` (`id`,`user_id`,`cookie`,`date`) VALUES (82,2,'random_user','2013-10-25 11:45:00');
INSERT INTO `likes` (`id`,`user_id`,`cookie`,`date`) VALUES (83,2,'random_user','2013-10-25 11:45:00');
INSERT INTO `likes` (`id`,`user_id`,`cookie`,`date`) VALUES (84,2,'random_user','2013-10-25 11:45:00');
INSERT INTO `likes` (`id`,`user_id`,`cookie`,`date`) VALUES (85,2,'random_user','2013-10-25 11:45:00');
INSERT INTO `likes` (`id`,`user_id`,`cookie`,`date`) VALUES (86,2,'random_user','2013-10-25 11:45:00');
INSERT INTO `likes` (`id`,`user_id`,`cookie`,`date`) VALUES (87,2,'random_user','2013-10-25 11:45:00');
INSERT INTO `likes` (`id`,`user_id`,`cookie`,`date`) VALUES (88,2,'random_user','2013-10-25 11:45:00');
INSERT INTO `likes` (`id`,`user_id`,`cookie`,`date`) VALUES (89,2,'random_user','2013-10-25 11:45:00');
INSERT INTO `likes` (`id`,`user_id`,`cookie`,`date`) VALUES (90,2,'random_user','2013-10-25 11:45:00');
INSERT INTO `likes` (`id`,`user_id`,`cookie`,`date`) VALUES (91,2,'random_user','2013-10-25 11:45:00');
INSERT INTO `likes` (`id`,`user_id`,`cookie`,`date`) VALUES (92,2,'random_user','2013-10-25 11:45:00');
INSERT INTO `likes` (`id`,`user_id`,`cookie`,`date`) VALUES (93,2,'random_user','2013-10-25 11:45:00');
INSERT INTO `likes` (`id`,`user_id`,`cookie`,`date`) VALUES (94,2,'random_user','2013-10-25 11:45:00');
INSERT INTO `likes` (`id`,`user_id`,`cookie`,`date`) VALUES (95,2,'random_user','2013-10-25 11:45:00');
INSERT INTO `likes` (`id`,`user_id`,`cookie`,`date`) VALUES (96,2,'random_user','2013-10-25 11:45:00');
INSERT INTO `likes` (`id`,`user_id`,`cookie`,`date`) VALUES (97,2,'random_user','2013-10-25 11:45:00');
INSERT INTO `likes` (`id`,`user_id`,`cookie`,`date`) VALUES (98,2,'random_user','2013-10-25 11:45:00');
INSERT INTO `likes` (`id`,`user_id`,`cookie`,`date`) VALUES (99,2,'random_user','2013-10-25 11:45:00');
INSERT INTO `likes` (`id`,`user_id`,`cookie`,`date`) VALUES (100,2,'random_user','2013-10-25 11:45:00');
INSERT INTO `likes` (`id`,`user_id`,`cookie`,`date`) VALUES (101,2,'random_user','2013-10-25 11:45:00');
INSERT INTO `likes` (`id`,`user_id`,`cookie`,`date`) VALUES (102,2,'random_user','2013-10-25 11:45:00');
INSERT INTO `likes` (`id`,`user_id`,`cookie`,`date`) VALUES (103,2,'random_user','2013-10-25 11:45:00');
INSERT INTO `likes` (`id`,`user_id`,`cookie`,`date`) VALUES (104,2,'random_user','2013-10-25 11:45:00');
INSERT INTO `likes` (`id`,`user_id`,`cookie`,`date`) VALUES (105,2,'random_user','2013-10-25 11:45:00');
INSERT INTO `likes` (`id`,`user_id`,`cookie`,`date`) VALUES (106,2,'random_user','2013-10-25 11:45:00');
INSERT INTO `likes` (`id`,`user_id`,`cookie`,`date`) VALUES (107,2,'random_user','2013-10-25 11:45:00');
INSERT INTO `likes` (`id`,`user_id`,`cookie`,`date`) VALUES (108,2,'random_user','2013-10-25 11:45:00');
INSERT INTO `likes` (`id`,`user_id`,`cookie`,`date`) VALUES (109,2,'random_user','2013-10-25 11:45:00');
INSERT INTO `likes` (`id`,`user_id`,`cookie`,`date`) VALUES (110,2,'random_user','2013-10-25 11:45:00');
INSERT INTO `likes` (`id`,`user_id`,`cookie`,`date`) VALUES (111,2,'random_user','2013-10-25 11:45:00');
INSERT INTO `likes` (`id`,`user_id`,`cookie`,`date`) VALUES (112,2,'random_user','2013-10-25 11:45:00');
INSERT INTO `likes` (`id`,`user_id`,`cookie`,`date`) VALUES (113,2,'random_user','2013-10-25 11:45:00');
INSERT INTO `likes` (`id`,`user_id`,`cookie`,`date`) VALUES (114,2,'random_user','2013-10-25 11:45:00');
INSERT INTO `likes` (`id`,`user_id`,`cookie`,`date`) VALUES (115,2,'random_user','2013-10-25 11:45:00');
INSERT INTO `likes` (`id`,`user_id`,`cookie`,`date`) VALUES (116,2,'random_user','2013-10-25 11:45:00');
INSERT INTO `likes` (`id`,`user_id`,`cookie`,`date`) VALUES (117,2,'random_user','2013-10-25 11:45:00');
INSERT INTO `likes` (`id`,`user_id`,`cookie`,`date`) VALUES (118,2,'random_user','2013-10-25 11:45:00');
INSERT INTO `likes` (`id`,`user_id`,`cookie`,`date`) VALUES (119,2,'random_user','2013-10-25 11:45:00');
INSERT INTO `likes` (`id`,`user_id`,`cookie`,`date`) VALUES (120,2,'random_user','2013-10-25 11:45:00');
INSERT INTO `likes` (`id`,`user_id`,`cookie`,`date`) VALUES (121,2,'random_user','2013-10-25 11:45:00');
INSERT INTO `likes` (`id`,`user_id`,`cookie`,`date`) VALUES (122,2,'random_user','2013-10-25 11:45:00');
INSERT INTO `likes` (`id`,`user_id`,`cookie`,`date`) VALUES (123,3,'random_user','2013-10-25 11:45:00');
INSERT INTO `likes` (`id`,`user_id`,`cookie`,`date`) VALUES (124,3,'random_user','2013-10-25 11:45:00');
INSERT INTO `likes` (`id`,`user_id`,`cookie`,`date`) VALUES (125,3,'random_user','2013-10-25 11:45:00');
INSERT INTO `likes` (`id`,`user_id`,`cookie`,`date`) VALUES (126,3,'random_user','2013-10-25 11:45:00');
INSERT INTO `likes` (`id`,`user_id`,`cookie`,`date`) VALUES (127,3,'random_user','2013-10-25 11:45:00');
INSERT INTO `likes` (`id`,`user_id`,`cookie`,`date`) VALUES (128,3,'random_user','2013-10-25 11:45:00');
INSERT INTO `likes` (`id`,`user_id`,`cookie`,`date`) VALUES (129,3,'random_user','2013-10-25 11:45:00');
INSERT INTO `likes` (`id`,`user_id`,`cookie`,`date`) VALUES (130,3,'random_user','2013-10-25 11:45:00');
INSERT INTO `likes` (`id`,`user_id`,`cookie`,`date`) VALUES (131,3,'random_user','2013-10-25 11:45:00');
INSERT INTO `likes` (`id`,`user_id`,`cookie`,`date`) VALUES (132,3,'random_user','2013-10-25 11:45:00');
INSERT INTO `likes` (`id`,`user_id`,`cookie`,`date`) VALUES (133,3,'random_user','2013-10-25 11:45:00');
INSERT INTO `likes` (`id`,`user_id`,`cookie`,`date`) VALUES (134,3,'random_user','2013-10-25 11:45:00');
INSERT INTO `likes` (`id`,`user_id`,`cookie`,`date`) VALUES (135,3,'random_user','2013-10-25 11:45:00');
INSERT INTO `likes` (`id`,`user_id`,`cookie`,`date`) VALUES (136,3,'random_user','2013-10-25 11:45:00');
INSERT INTO `likes` (`id`,`user_id`,`cookie`,`date`) VALUES (137,3,'random_user','2013-10-25 11:45:00');
INSERT INTO `likes` (`id`,`user_id`,`cookie`,`date`) VALUES (138,3,'random_user','2013-10-25 11:45:00');
INSERT INTO `likes` (`id`,`user_id`,`cookie`,`date`) VALUES (139,3,'random_user','2013-10-25 11:45:00');
INSERT INTO `likes` (`id`,`user_id`,`cookie`,`date`) VALUES (140,3,'random_user','2013-10-25 11:45:00');
INSERT INTO `likes` (`id`,`user_id`,`cookie`,`date`) VALUES (141,3,'random_user','2013-10-25 11:45:00');
INSERT INTO `likes` (`id`,`user_id`,`cookie`,`date`) VALUES (142,3,'random_user','2013-10-25 11:45:00');
INSERT INTO `likes` (`id`,`user_id`,`cookie`,`date`) VALUES (143,3,'random_user','2013-10-25 11:45:00');
INSERT INTO `likes` (`id`,`user_id`,`cookie`,`date`) VALUES (144,3,'random_user','2013-10-25 11:45:00');
INSERT INTO `likes` (`id`,`user_id`,`cookie`,`date`) VALUES (145,3,'random_user','2013-10-25 11:45:00');
INSERT INTO `likes` (`id`,`user_id`,`cookie`,`date`) VALUES (146,3,'random_user','2013-10-25 11:45:00');
INSERT INTO `likes` (`id`,`user_id`,`cookie`,`date`) VALUES (147,3,'random_user','2013-10-25 11:45:00');
INSERT INTO `likes` (`id`,`user_id`,`cookie`,`date`) VALUES (148,3,'random_user','2013-10-25 11:45:00');
INSERT INTO `likes` (`id`,`user_id`,`cookie`,`date`) VALUES (149,3,'random_user','2013-10-25 11:45:00');
INSERT INTO `likes` (`id`,`user_id`,`cookie`,`date`) VALUES (150,3,'random_user','2013-10-25 11:45:00');
INSERT INTO `likes` (`id`,`user_id`,`cookie`,`date`) VALUES (151,3,'random_user','2013-10-25 11:45:00');
INSERT INTO `likes` (`id`,`user_id`,`cookie`,`date`) VALUES (152,3,'random_user','2013-10-25 11:45:00');
INSERT INTO `likes` (`id`,`user_id`,`cookie`,`date`) VALUES (153,3,'random_user','2013-10-25 11:45:00');
INSERT INTO `likes` (`id`,`user_id`,`cookie`,`date`) VALUES (154,3,'random_user','2013-10-25 11:45:00');
INSERT INTO `likes` (`id`,`user_id`,`cookie`,`date`) VALUES (155,3,'random_user','2013-10-25 11:45:00');
INSERT INTO `likes` (`id`,`user_id`,`cookie`,`date`) VALUES (156,3,'random_user','2013-10-25 11:45:00');
INSERT INTO `likes` (`id`,`user_id`,`cookie`,`date`) VALUES (157,3,'random_user','2013-10-25 11:45:00');
INSERT INTO `likes` (`id`,`user_id`,`cookie`,`date`) VALUES (158,3,'random_user','2013-10-25 11:45:00');
INSERT INTO `likes` (`id`,`user_id`,`cookie`,`date`) VALUES (159,3,'random_user','2013-10-25 11:45:00');
INSERT INTO `likes` (`id`,`user_id`,`cookie`,`date`) VALUES (160,3,'random_user','2013-10-25 11:45:00');
INSERT INTO `likes` (`id`,`user_id`,`cookie`,`date`) VALUES (161,3,'random_user','2013-10-25 11:45:00');
INSERT INTO `likes` (`id`,`user_id`,`cookie`,`date`) VALUES (162,3,'random_user','2013-10-25 11:45:00');
INSERT INTO `likes` (`id`,`user_id`,`cookie`,`date`) VALUES (163,3,'random_user','2013-10-25 11:45:00');
INSERT INTO `likes` (`id`,`user_id`,`cookie`,`date`) VALUES (164,3,'random_user','2013-10-25 11:45:00');
INSERT INTO `likes` (`id`,`user_id`,`cookie`,`date`) VALUES (165,3,'random_user','2013-10-25 11:45:00');
INSERT INTO `likes` (`id`,`user_id`,`cookie`,`date`) VALUES (166,3,'random_user','2013-10-25 11:45:00');
INSERT INTO `likes` (`id`,`user_id`,`cookie`,`date`) VALUES (167,3,'random_user','2013-10-25 11:45:00');
INSERT INTO `likes` (`id`,`user_id`,`cookie`,`date`) VALUES (168,3,'random_user','2013-10-25 11:45:00');
INSERT INTO `likes` (`id`,`user_id`,`cookie`,`date`) VALUES (169,3,'random_user','2013-10-25 11:45:00');
INSERT INTO `likes` (`id`,`user_id`,`cookie`,`date`) VALUES (170,3,'random_user','2013-10-25 11:45:01');
INSERT INTO `likes` (`id`,`user_id`,`cookie`,`date`) VALUES (171,3,'random_user','2013-10-25 11:45:01');
INSERT INTO `likes` (`id`,`user_id`,`cookie`,`date`) VALUES (172,3,'random_user','2013-10-25 11:45:01');
INSERT INTO `likes` (`id`,`user_id`,`cookie`,`date`) VALUES (173,3,'random_user','2013-10-25 11:45:01');
INSERT INTO `likes` (`id`,`user_id`,`cookie`,`date`) VALUES (174,4,'random_user','2013-10-25 11:45:01');
INSERT INTO `likes` (`id`,`user_id`,`cookie`,`date`) VALUES (175,4,'random_user','2013-10-25 11:45:01');
INSERT INTO `likes` (`id`,`user_id`,`cookie`,`date`) VALUES (176,4,'random_user','2013-10-25 11:45:01');
INSERT INTO `likes` (`id`,`user_id`,`cookie`,`date`) VALUES (177,4,'random_user','2013-10-25 11:45:01');
INSERT INTO `likes` (`id`,`user_id`,`cookie`,`date`) VALUES (178,4,'random_user','2013-10-25 11:45:01');
INSERT INTO `likes` (`id`,`user_id`,`cookie`,`date`) VALUES (179,4,'random_user','2013-10-25 11:45:01');
INSERT INTO `likes` (`id`,`user_id`,`cookie`,`date`) VALUES (180,4,'random_user','2013-10-25 11:45:01');
INSERT INTO `likes` (`id`,`user_id`,`cookie`,`date`) VALUES (181,4,'random_user','2013-10-25 11:45:01');
INSERT INTO `likes` (`id`,`user_id`,`cookie`,`date`) VALUES (182,4,'random_user','2013-10-25 11:45:01');
INSERT INTO `likes` (`id`,`user_id`,`cookie`,`date`) VALUES (183,4,'random_user','2013-10-25 11:45:01');
INSERT INTO `likes` (`id`,`user_id`,`cookie`,`date`) VALUES (184,4,'random_user','2013-10-25 11:45:01');
INSERT INTO `likes` (`id`,`user_id`,`cookie`,`date`) VALUES (185,4,'random_user','2013-10-25 11:45:01');
INSERT INTO `likes` (`id`,`user_id`,`cookie`,`date`) VALUES (186,4,'random_user','2013-10-25 11:45:01');
INSERT INTO `likes` (`id`,`user_id`,`cookie`,`date`) VALUES (187,4,'random_user','2013-10-25 11:45:01');
INSERT INTO `likes` (`id`,`user_id`,`cookie`,`date`) VALUES (188,4,'random_user','2013-10-25 11:45:01');
INSERT INTO `likes` (`id`,`user_id`,`cookie`,`date`) VALUES (189,4,'random_user','2013-10-25 11:45:01');
INSERT INTO `likes` (`id`,`user_id`,`cookie`,`date`) VALUES (190,4,'random_user','2013-10-25 11:45:01');
INSERT INTO `likes` (`id`,`user_id`,`cookie`,`date`) VALUES (191,4,'random_user','2013-10-25 11:45:01');
INSERT INTO `likes` (`id`,`user_id`,`cookie`,`date`) VALUES (192,4,'random_user','2013-10-25 11:45:01');
INSERT INTO `likes` (`id`,`user_id`,`cookie`,`date`) VALUES (193,4,'random_user','2013-10-25 11:45:01');
INSERT INTO `likes` (`id`,`user_id`,`cookie`,`date`) VALUES (194,4,'random_user','2013-10-25 11:45:01');
INSERT INTO `likes` (`id`,`user_id`,`cookie`,`date`) VALUES (195,4,'random_user','2013-10-25 11:45:01');
INSERT INTO `likes` (`id`,`user_id`,`cookie`,`date`) VALUES (196,4,'random_user','2013-10-25 11:45:01');
INSERT INTO `likes` (`id`,`user_id`,`cookie`,`date`) VALUES (197,4,'random_user','2013-10-25 11:45:01');
INSERT INTO `likes` (`id`,`user_id`,`cookie`,`date`) VALUES (198,4,'random_user','2013-10-25 11:45:01');
INSERT INTO `likes` (`id`,`user_id`,`cookie`,`date`) VALUES (199,4,'random_user','2013-10-25 11:45:01');
INSERT INTO `likes` (`id`,`user_id`,`cookie`,`date`) VALUES (200,4,'random_user','2013-10-25 11:45:01');
INSERT INTO `likes` (`id`,`user_id`,`cookie`,`date`) VALUES (201,4,'random_user','2013-10-25 11:45:01');
INSERT INTO `likes` (`id`,`user_id`,`cookie`,`date`) VALUES (202,4,'random_user','2013-10-25 11:45:01');
INSERT INTO `likes` (`id`,`user_id`,`cookie`,`date`) VALUES (203,4,'random_user','2013-10-25 11:45:01');
INSERT INTO `likes` (`id`,`user_id`,`cookie`,`date`) VALUES (204,4,'random_user','2013-10-25 11:45:01');
INSERT INTO `likes` (`id`,`user_id`,`cookie`,`date`) VALUES (205,4,'random_user','2013-10-25 11:45:01');
INSERT INTO `likes` (`id`,`user_id`,`cookie`,`date`) VALUES (206,4,'random_user','2013-10-25 11:45:01');
INSERT INTO `likes` (`id`,`user_id`,`cookie`,`date`) VALUES (207,4,'random_user','2013-10-25 11:45:01');
INSERT INTO `likes` (`id`,`user_id`,`cookie`,`date`) VALUES (208,4,'random_user','2013-10-25 11:45:01');
INSERT INTO `likes` (`id`,`user_id`,`cookie`,`date`) VALUES (209,4,'random_user','2013-10-25 11:45:01');
INSERT INTO `likes` (`id`,`user_id`,`cookie`,`date`) VALUES (210,4,'random_user','2013-10-25 11:45:01');
INSERT INTO `likes` (`id`,`user_id`,`cookie`,`date`) VALUES (211,4,'random_user','2013-10-25 11:45:01');
INSERT INTO `likes` (`id`,`user_id`,`cookie`,`date`) VALUES (212,4,'random_user','2013-10-25 11:45:01');
INSERT INTO `likes` (`id`,`user_id`,`cookie`,`date`) VALUES (213,4,'random_user','2013-10-25 11:45:01');
INSERT INTO `likes` (`id`,`user_id`,`cookie`,`date`) VALUES (214,4,'random_user','2013-10-25 11:45:01');
INSERT INTO `likes` (`id`,`user_id`,`cookie`,`date`) VALUES (215,4,'random_user','2013-10-25 11:45:01');
INSERT INTO `likes` (`id`,`user_id`,`cookie`,`date`) VALUES (216,4,'random_user','2013-10-25 11:45:01');
INSERT INTO `likes` (`id`,`user_id`,`cookie`,`date`) VALUES (217,4,'random_user','2013-10-25 11:45:01');
INSERT INTO `likes` (`id`,`user_id`,`cookie`,`date`) VALUES (218,4,'random_user','2013-10-25 11:45:01');
INSERT INTO `likes` (`id`,`user_id`,`cookie`,`date`) VALUES (219,4,'random_user','2013-10-25 11:45:01');
INSERT INTO `likes` (`id`,`user_id`,`cookie`,`date`) VALUES (220,4,'random_user','2013-10-25 11:45:01');
INSERT INTO `likes` (`id`,`user_id`,`cookie`,`date`) VALUES (221,4,'random_user','2013-10-25 11:45:01');
INSERT INTO `likes` (`id`,`user_id`,`cookie`,`date`) VALUES (222,4,'random_user','2013-10-25 11:45:01');
INSERT INTO `likes` (`id`,`user_id`,`cookie`,`date`) VALUES (223,4,'random_user','2013-10-25 11:45:01');
INSERT INTO `likes` (`id`,`user_id`,`cookie`,`date`) VALUES (224,4,'random_user','2013-10-25 11:45:01');
INSERT INTO `likes` (`id`,`user_id`,`cookie`,`date`) VALUES (225,4,'random_user','2013-10-25 11:45:01');
INSERT INTO `likes` (`id`,`user_id`,`cookie`,`date`) VALUES (226,4,'random_user','2013-10-25 11:45:01');
INSERT INTO `likes` (`id`,`user_id`,`cookie`,`date`) VALUES (227,4,'random_user','2013-10-25 11:45:01');
INSERT INTO `likes` (`id`,`user_id`,`cookie`,`date`) VALUES (228,4,'random_user','2013-10-25 11:45:01');
INSERT INTO `likes` (`id`,`user_id`,`cookie`,`date`) VALUES (229,4,'random_user','2013-10-25 11:45:01');
INSERT INTO `likes` (`id`,`user_id`,`cookie`,`date`) VALUES (230,4,'random_user','2013-10-25 11:45:01');
INSERT INTO `likes` (`id`,`user_id`,`cookie`,`date`) VALUES (231,4,'random_user','2013-10-25 11:45:01');
INSERT INTO `likes` (`id`,`user_id`,`cookie`,`date`) VALUES (232,4,'random_user','2013-10-25 11:45:01');
INSERT INTO `likes` (`id`,`user_id`,`cookie`,`date`) VALUES (233,4,'random_user','2013-10-25 11:45:01');
INSERT INTO `likes` (`id`,`user_id`,`cookie`,`date`) VALUES (234,4,'random_user','2013-10-25 11:45:01');
INSERT INTO `likes` (`id`,`user_id`,`cookie`,`date`) VALUES (235,4,'random_user','2013-10-25 11:45:01');
INSERT INTO `likes` (`id`,`user_id`,`cookie`,`date`) VALUES (236,4,'random_user','2013-10-25 11:45:01');
INSERT INTO `likes` (`id`,`user_id`,`cookie`,`date`) VALUES (237,4,'random_user','2013-10-25 11:45:01');
INSERT INTO `likes` (`id`,`user_id`,`cookie`,`date`) VALUES (238,4,'random_user','2013-10-25 11:45:01');
INSERT INTO `likes` (`id`,`user_id`,`cookie`,`date`) VALUES (239,4,'random_user','2013-10-25 11:45:01');
INSERT INTO `likes` (`id`,`user_id`,`cookie`,`date`) VALUES (240,4,'random_user','2013-10-25 11:45:01');
INSERT INTO `likes` (`id`,`user_id`,`cookie`,`date`) VALUES (241,4,'random_user','2013-10-25 11:45:01');
INSERT INTO `likes` (`id`,`user_id`,`cookie`,`date`) VALUES (242,4,'random_user','2013-10-25 11:45:01');
INSERT INTO `likes` (`id`,`user_id`,`cookie`,`date`) VALUES (243,4,'random_user','2013-10-25 11:45:01');
INSERT INTO `likes` (`id`,`user_id`,`cookie`,`date`) VALUES (244,4,'random_user','2013-10-25 11:45:01');
INSERT INTO `likes` (`id`,`user_id`,`cookie`,`date`) VALUES (245,4,'random_user','2013-10-25 11:45:01');
INSERT INTO `likes` (`id`,`user_id`,`cookie`,`date`) VALUES (246,4,'random_user','2013-10-25 11:45:01');
INSERT INTO `likes` (`id`,`user_id`,`cookie`,`date`) VALUES (247,4,'random_user','2013-10-25 11:45:01');
INSERT INTO `likes` (`id`,`user_id`,`cookie`,`date`) VALUES (248,4,'random_user','2013-10-25 11:45:01');
INSERT INTO `likes` (`id`,`user_id`,`cookie`,`date`) VALUES (249,4,'random_user','2013-10-25 11:45:01');
INSERT INTO `likes` (`id`,`user_id`,`cookie`,`date`) VALUES (250,4,'random_user','2013-10-25 11:45:01');
INSERT INTO `likes` (`id`,`user_id`,`cookie`,`date`) VALUES (251,4,'random_user','2013-10-25 11:45:01');
INSERT INTO `likes` (`id`,`user_id`,`cookie`,`date`) VALUES (252,4,'random_user','2013-10-25 11:45:01');
INSERT INTO `likes` (`id`,`user_id`,`cookie`,`date`) VALUES (253,4,'random_user','2013-10-25 11:45:01');
INSERT INTO `likes` (`id`,`user_id`,`cookie`,`date`) VALUES (254,4,'random_user','2013-10-25 11:45:01');
INSERT INTO `likes` (`id`,`user_id`,`cookie`,`date`) VALUES (255,4,'random_user','2013-10-25 11:45:01');
INSERT INTO `likes` (`id`,`user_id`,`cookie`,`date`) VALUES (256,4,'random_user','2013-10-25 11:45:01');
INSERT INTO `likes` (`id`,`user_id`,`cookie`,`date`) VALUES (257,4,'random_user','2013-10-25 11:45:01');
INSERT INTO `likes` (`id`,`user_id`,`cookie`,`date`) VALUES (258,4,'random_user','2013-10-25 11:45:01');
INSERT INTO `likes` (`id`,`user_id`,`cookie`,`date`) VALUES (259,4,'random_user','2013-10-25 11:45:01');
INSERT INTO `likes` (`id`,`user_id`,`cookie`,`date`) VALUES (260,4,'random_user','2013-10-25 11:45:01');
INSERT INTO `likes` (`id`,`user_id`,`cookie`,`date`) VALUES (261,4,'random_user','2013-10-25 11:45:01');
INSERT INTO `likes` (`id`,`user_id`,`cookie`,`date`) VALUES (262,4,'random_user','2013-10-25 11:45:01');
INSERT INTO `likes` (`id`,`user_id`,`cookie`,`date`) VALUES (263,4,'random_user','2013-10-25 11:45:01');
INSERT INTO `likes` (`id`,`user_id`,`cookie`,`date`) VALUES (264,4,'random_user','2013-10-25 11:45:01');
INSERT INTO `likes` (`id`,`user_id`,`cookie`,`date`) VALUES (265,4,'random_user','2013-10-25 11:45:01');
INSERT INTO `likes` (`id`,`user_id`,`cookie`,`date`) VALUES (266,4,'random_user','2013-10-25 11:45:01');
INSERT INTO `likes` (`id`,`user_id`,`cookie`,`date`) VALUES (267,4,'random_user','2013-10-25 11:45:01');
INSERT INTO `likes` (`id`,`user_id`,`cookie`,`date`) VALUES (268,4,'random_user','2013-10-25 11:45:01');
INSERT INTO `likes` (`id`,`user_id`,`cookie`,`date`) VALUES (269,4,'random_user','2013-10-25 11:45:01');
INSERT INTO `likes` (`id`,`user_id`,`cookie`,`date`) VALUES (270,4,'random_user','2013-10-25 11:45:01');
INSERT INTO `likes` (`id`,`user_id`,`cookie`,`date`) VALUES (271,4,'random_user','2013-10-25 11:45:01');
INSERT INTO `likes` (`id`,`user_id`,`cookie`,`date`) VALUES (272,4,'random_user','2013-10-25 11:45:01');
INSERT INTO `likes` (`id`,`user_id`,`cookie`,`date`) VALUES (273,4,'random_user','2013-10-25 11:45:01');
INSERT INTO `likes` (`id`,`user_id`,`cookie`,`date`) VALUES (274,4,'random_user','2013-10-25 11:45:01');
INSERT INTO `likes` (`id`,`user_id`,`cookie`,`date`) VALUES (275,4,'random_user','2013-10-25 11:45:01');
INSERT INTO `likes` (`id`,`user_id`,`cookie`,`date`) VALUES (276,5,'random_user','2013-10-25 11:45:01');
INSERT INTO `likes` (`id`,`user_id`,`cookie`,`date`) VALUES (277,5,'random_user','2013-10-25 11:45:01');
INSERT INTO `likes` (`id`,`user_id`,`cookie`,`date`) VALUES (278,5,'random_user','2013-10-25 11:45:01');
INSERT INTO `likes` (`id`,`user_id`,`cookie`,`date`) VALUES (279,5,'random_user','2013-10-25 11:45:01');
INSERT INTO `likes` (`id`,`user_id`,`cookie`,`date`) VALUES (280,5,'random_user','2013-10-25 11:45:01');
INSERT INTO `likes` (`id`,`user_id`,`cookie`,`date`) VALUES (281,5,'random_user','2013-10-25 11:45:01');
INSERT INTO `likes` (`id`,`user_id`,`cookie`,`date`) VALUES (282,5,'random_user','2013-10-25 11:45:01');
INSERT INTO `likes` (`id`,`user_id`,`cookie`,`date`) VALUES (283,5,'random_user','2013-10-25 11:45:01');
INSERT INTO `likes` (`id`,`user_id`,`cookie`,`date`) VALUES (284,5,'random_user','2013-10-25 11:45:01');
INSERT INTO `likes` (`id`,`user_id`,`cookie`,`date`) VALUES (285,5,'random_user','2013-10-25 11:45:01');
INSERT INTO `likes` (`id`,`user_id`,`cookie`,`date`) VALUES (286,5,'random_user','2013-10-25 11:45:01');
INSERT INTO `likes` (`id`,`user_id`,`cookie`,`date`) VALUES (287,5,'random_user','2013-10-25 11:45:01');
INSERT INTO `likes` (`id`,`user_id`,`cookie`,`date`) VALUES (288,5,'random_user','2013-10-25 11:45:01');
INSERT INTO `likes` (`id`,`user_id`,`cookie`,`date`) VALUES (289,5,'random_user','2013-10-25 11:45:01');
INSERT INTO `likes` (`id`,`user_id`,`cookie`,`date`) VALUES (290,5,'random_user','2013-10-25 11:45:01');
INSERT INTO `likes` (`id`,`user_id`,`cookie`,`date`) VALUES (291,5,'random_user','2013-10-25 11:45:01');
INSERT INTO `likes` (`id`,`user_id`,`cookie`,`date`) VALUES (292,5,'random_user','2013-10-25 11:45:01');
INSERT INTO `likes` (`id`,`user_id`,`cookie`,`date`) VALUES (293,5,'random_user','2013-10-25 11:45:01');
INSERT INTO `likes` (`id`,`user_id`,`cookie`,`date`) VALUES (294,5,'random_user','2013-10-25 11:45:01');
INSERT INTO `likes` (`id`,`user_id`,`cookie`,`date`) VALUES (295,5,'random_user','2013-10-25 11:45:01');
INSERT INTO `likes` (`id`,`user_id`,`cookie`,`date`) VALUES (296,5,'random_user','2013-10-25 11:45:01');
INSERT INTO `likes` (`id`,`user_id`,`cookie`,`date`) VALUES (297,5,'random_user','2013-10-25 11:45:01');
INSERT INTO `likes` (`id`,`user_id`,`cookie`,`date`) VALUES (298,5,'random_user','2013-10-25 11:45:01');
INSERT INTO `likes` (`id`,`user_id`,`cookie`,`date`) VALUES (299,5,'random_user','2013-10-25 11:45:01');
INSERT INTO `likes` (`id`,`user_id`,`cookie`,`date`) VALUES (300,5,'random_user','2013-10-25 11:45:01');
INSERT INTO `likes` (`id`,`user_id`,`cookie`,`date`) VALUES (301,5,'random_user','2013-10-25 11:45:01');
INSERT INTO `likes` (`id`,`user_id`,`cookie`,`date`) VALUES (302,5,'random_user','2013-10-25 11:45:01');
INSERT INTO `likes` (`id`,`user_id`,`cookie`,`date`) VALUES (303,5,'random_user','2013-10-25 11:45:01');
INSERT INTO `likes` (`id`,`user_id`,`cookie`,`date`) VALUES (304,5,'random_user','2013-10-25 11:45:01');
INSERT INTO `likes` (`id`,`user_id`,`cookie`,`date`) VALUES (305,5,'random_user','2013-10-25 11:45:01');
INSERT INTO `likes` (`id`,`user_id`,`cookie`,`date`) VALUES (306,5,'random_user','2013-10-25 11:45:01');
/*!40000 ALTER TABLE `likes` ENABLE KEYS */;
UNLOCK TABLES;

LOCK TABLES `temp_users` WRITE;
/*!40000 ALTER TABLE `temp_users` DISABLE KEYS */;
INSERT INTO `temp_users` VALUES (1,'test_ip','2025-05-20 13:00:00','temp_user_id_test',NULL,NULL,'looooot of test info; testinfo = 1;');
/*!40000 ALTER TABLE `temp_users` ENABLE KEYS */;
UNLOCK TABLES;

--
-- Dumping data for table `gifts`
--

LOCK TABLES `gifts` WRITE;
/*!40000 ALTER TABLE `gifts` DISABLE KEYS */;
INSERT INTO `gifts` VALUES (1,'Духи Lola Marc Jacobs','http://dlyanee.com.ua/?dep=23&w=show_model&to','2013-09-09 16:25:10',5,1),(2,'Помада просто супер-пупер крутая :)','http://dlyanee.com.ua/?dep=23&w=show_model&to','2013-09-09 16:25:10',2,1);
/*!40000 ALTER TABLE `gifts` ENABLE KEYS */;
UNLOCK TABLES;

--
-- Dumping data for table `gifts_photo`
--

LOCK TABLES `gifts_photo` WRITE;
/*!40000 ALTER TABLE `gifts_photo` DISABLE KEYS */;
INSERT INTO `gifts_photo` (`id`,`id_gift`,`path`,`status`,`date_created`) VALUES (1,1,'present.jpg',1,'2013-10-31 23:59:59');
INSERT INTO `gifts_photo` (`id`,`id_gift`,`path`,`status`,`date_created`) VALUES (2,2,'second.jpg',1,'2013-10-31 23:59:59');
/*!40000 ALTER TABLE `gifts_photo` ENABLE KEYS */;
UNLOCK TABLES;

LOCK TABLES `pages` WRITE;
INSERT INTO `pages` (`id`, `path_name`, `title`, `text`, `meta_description`, `meta_keywords`) VALUES ('1', '<main>', 'Главная страница с БД', 'Текст с БД', 'Описание на главной с БД', 'Ключевые слова, с БД');
UNLOCK TABLES;

LOCK TABLES `winners` WRITE;
INSERT INTO `winners` (`id`, `user_id`, `date_of_win`) VALUES ('1', '196', '2013-10-31 23:59:59');
INSERT INTO `winners` (`id`, `user_id`, `date_of_win`) VALUES ('2', '2', '2013-09-28 23:59:59');
INSERT INTO `winners` (`id`, `user_id`, `date_of_win`) VALUES ('3', '3', '2013-08-28 23:59:59');
INSERT INTO `winners` (`id`, `user_id`, `date_of_win`) VALUES ('4', '4', '2013-07-28 23:59:59');
INSERT INTO `winners` (`id`, `user_id`, `date_of_win`) VALUES ('5', '5', '2013-06-28 23:59:59');
INSERT INTO `winners` (`id`, `user_id`, `date_of_win`) VALUES ('6', '166', '2013-05-28 23:59:59');
UNLOCK TABLES;

LOCK TABLES `photos` WRITE;
INSERT INTO `photos` (`id`,`user_id`,`photo_name`,`date_add`,`date_edit`,`status`,`using_photo`) VALUES (1,196,'car_simg01_winner.jpg','2013-09-28 23:59:59','2013-09-28 23:59:59',1,'winner');
INSERT INTO `photos` (`id`,`user_id`,`photo_name`,`date_add`,`date_edit`,`status`,`using_photo`) VALUES (2,196,'car_simg01.jpg','2013-09-28 23:59:59','2013-09-28 23:59:59',1,'vote');
INSERT INTO `photos` (`id`,`user_id`,`photo_name`,`date_add`,`date_edit`,`status`,`using_photo`) VALUES (3,2,'car_simg02.jpg','2013-09-28 23:59:59','2013-09-28 23:59:59',1,'vote');
INSERT INTO `photos` (`id`,`user_id`,`photo_name`,`date_add`,`date_edit`,`status`,`using_photo`) VALUES (4,3,'car_simg03.jpg','2013-09-28 23:59:59','2013-09-28 23:59:59',1,'all0');
INSERT INTO `photos` (`id`,`user_id`,`photo_name`,`date_add`,`date_edit`,`status`,`using_photo`) VALUES (5,4,'car_simg04_winner.jpg','2013-09-28 23:59:59','2013-09-28 23:59:59',1,'winner');
INSERT INTO `photos` (`id`,`user_id`,`photo_name`,`date_add`,`date_edit`,`status`,`using_photo`) VALUES (6,5,'car_simg05.jpg','2013-09-28 23:59:59','2013-09-28 23:59:59',1,'all');
INSERT INTO `photos` (`id`,`user_id`,`photo_name`,`date_add`,`date_edit`,`status`,`using_photo`) VALUES (7,166,'car_simg06.jpg','2013-09-28 23:59:59','2013-09-28 23:59:59',1,'all');
INSERT INTO `photos` (`id`,`user_id`,`photo_name`,`date_add`,`date_edit`,`status`,`using_photo`) VALUES (8,2,'car_simg02_win.jpg','2013-09-28 23:59:59','2013-09-28 23:59:59',1,'winner');
INSERT INTO `photos` (`id`,`user_id`,`photo_name`,`date_add`,`date_edit`,`status`,`using_photo`) VALUES (9,4,'car_simg04.jpg','2013-09-28 23:59:59','2013-09-28 23:59:59',1,'all');
INSERT INTO `photos` (`id`,`user_id`,`photo_name`,`date_add`,`date_edit`,`status`,`using_photo`) VALUES (10,4,'car_simg04.jpg','2013-09-28 23:59:59','2013-09-28 23:59:59',1,'vote');

INSERT INTO `photos` (`id`, `user_id`, `photo_name`, `date_add`, `date_edit`, `status`, `using_photo`) VALUES ('11', '196', 'big_img01.jpg', '2013-09-28 23:59:59', '2013-09-28 23:59:59', '1', 'personal');
INSERT INTO `photos` (`id`, `user_id`, `photo_name`, `date_add`, `date_edit`, `status`, `using_photo`) VALUES ('12', '196', 'big_img02.jpg', '2013-09-28 23:59:59', '2013-09-28 23:59:59', '1', 'personal');

INSERT INTO `photos` (`id`, `user_id`, `photo_name`, `date_add`, `date_edit`, `status`, `using_photo`) VALUES ('13', '2', 'car_simg02_small.jpg', '2013-09-28 23:59:59', '2013-09-28 23:59:59', '1', 'vote_small');
INSERT INTO `photos` (`id`, `user_id`, `photo_name`, `date_add`, `date_edit`, `status`, `using_photo`) VALUES ('14', '196', 'big_img01_small.jpg', '2013-09-28 23:59:59', '2013-09-28 23:59:59', '1', 'vote_small');

INSERT INTO `photos` (`id`, `user_id`, `photo_name`, `date_add`, `date_edit`, `status`, `using_photo`) VALUES ('15', '5', 'car_simg05_min.jpg', '2013-09-28 23:59:59', '2013-09-28 23:59:59', '1', 'vote');
INSERT INTO `photos` (`id`, `user_id`, `photo_name`, `date_add`, `date_edit`, `status`, `using_photo`) VALUES ('16', '5', 'car_simg05_win.jpg', '2013-09-28 23:59:59', '2013-09-28 23:59:59', '1', 'winner');

UNLOCK TABLES;

LOCK TABLES `roles_users` WRITE;
INSERT INTO `roles_users` (`user_id`,`role_id`) VALUES (2,1);
INSERT INTO `roles_users` (`user_id`,`role_id`) VALUES (4,1);
UNLOCK TABLES;